[{"id":788,"nombre":"Complexo Deportivo Travesas","lon":-8.73241,"parroquia":"VIGO","telefono":"986235901","codigo_postal":"36210","web":null,"barrio":"VIGO","calle":"AVDA CASTRELOS","lat":42.21921,"numero":1},{"id":813,"nombre":"Complexo Deportivo Samil","lon":-8.77715,"parroquia":"NAVIA","telefono":"986241579","codigo_postal":"36212","web":null,"barrio":"PERTEGUEIRAS","calle":"AVDA SAMIL","lat":42.20385,"numero":32},{"id":4632,"nombre":"Complexo Deportivo Balaidos","lon":-8.73937,"parroquia":"VIGO","telefono":"986293208","codigo_postal":"36210","web":null,"barrio":"VIGO","calle":"RUA CITROEN","lat":42.21210,"numero":0},{"id":5032,"nombre":"Complexo Deportivo Navia","lon":-8.75757,"parroquia":null,"telefono":"626191099","codigo_postal":null,"web":null,"barrio":null,"calle":"Rúa Rúa Lamela","lat":42.21338,"numero":null},{"id":5033,"nombre":"Complexo Deportivo Berbés","lon":-8.73018,"parroquia":null,"telefono":"986204149","codigo_postal":"36202","web":null,"barrio":"Berbés","calle":"RUA GAITEIRO RICARDO PORTELA","lat":42.23741,"numero":null}]